Workbook

Sheet Dataset Rotan Sigi
A1: DATASET PREDIKSI HARGA JUAL & KUALITAS ROTAN — KABUPATEN SIGI, SULAWESI TENGAH
A3: No | B3: Jenis Rotan | C3: Panjang Batang (m) | D3: Diameter Batang (mm) | E3: Kerapatan (g/cm³) | F3: Kadar Air (%) | G3: Musim Panen | H3: Lama Pengeringan (hari) | I3: Cacat Fisik (%) | J3: Harga Jual (Rp/kg) | K3: Grade Kualitas
A4: 1 | B4: Tohiti | C4: 7.5 | D4: 22 | E4: 0.72 | F4: 18 | G4: Kemarau | H4: 5 | I4: 3 | J4: 9500 | K4: A
A5: 2 | B5: Lambang | C5: 5.2 | D5: 15 | E5: 0.55 | F5: 25 | G5: Hujan | H5: 8 | I5: 12 | J5: 6000 | K5: C
A6: 3 | B6: Tohiti | C6: 8.1 | D6: 24 | E6: 0.75 | F6: 16 | G6: Kemarau | H6: 4 | I6: 2 | J6: 10500 | K6: A
A7: 4 | B7: Merah | C7: 6.3 | D7: 18 | E7: 0.63 | F7: 21 | G7: Hujan | H7: 7 | I7: 8 | J7: 7200 | K7: B
A8: 5 | B8: Batang | C8: 7 | D8: 20 | E8: 0.68 | F8: 19 | G8: Kemarau | H8: 5 | I8: 5 | J8: 8800 | K8: B
A9: 6 | B9: Tohiti | C9: 8.5 | D9: 25 | E9: 0.78 | F9: 15 | G9: Kemarau | H9: 3 | I9: 1 | J9: 11000 | K9: A
A10: 7 | B10: Lambang | C10: 4.8 | D10: 13 | E10: 0.5 | F10: 28 | G10: Hujan | H10: 10 | I10: 18 | J10: 5200 | K10: C
A11: 8 | B11: Ronti | C11: 6.8 | D11: 19 | E11: 0.65 | F11: 20 | G11: Kemarau | H11: 6 | I11: 6 | J11: 8200 | K11: B
A12: 9 | B12: Tohiti | C12: 7.9 | D12: 23 | E12: 0.74 | F12: 17 | G12: Kemarau | H12: 4 | I12: 2 | J12: 10200 | K12: A
A13: 10 | B13: Merah | C13: 5.5 | D13: 16 | E13: 0.58 | F13: 24 | G13: Hujan | H13: 8 | I13: 11 | J13: 6500 | K13: C
A14: 11 | B14: Susu | C14: 6.1 | D14: 17 | E14: 0.61 | F14: 22 | G14: Hujan | H14: 7 | I14: 9 | J14: 7000 | K14: B
A15: 12 | B15: Tohiti | C15: 8.3 | D15: 24 | E15: 0.77 | F15: 15 | G15: Kemarau | H15: 3 | I15: 1 | J15: 10800 | K15: A
... A173: 170 | B173: Tohiti | C173: 7.6 | D173: 26 | E173: 0.73 | F173: 17 | G173: Kemarau | H173: 5 | I173: 2 | J173: 9800 | K173: A

Sheet Sumber Data
A1: SUMBER DATA & REFERENSI DATASET ROTAN SIGI
A2: Prediksi Harga Jual & Kualitas Rotan — Kab. Sigi, Sulawesi Tengah
A3: No | B3: Variabel / Parameter | C3: Nilai / Rentang | D3: Sumber | E3: Keterangan
A4: 1 | B4: Harga Rotan Asalan (Tingkat Petani) | C4: Rp 5.000 – Rp 6.000/kg | D4: Antara News Sulteng (Februari 2013) | E4: Berita: 'Perajin Rotan Tidak Kesulitan Bahan Baku', sulteng.antaranews.com
A5: 2 | B5: Harga Rotan Asalan (Tingkat Industri) | C5: Rp 7.000/kg | D5: Antara News Sulteng (Februari 2013) | E5: Berita: 'Kerajinan Rotan 70 Persen Diserap Pasar Rumah Tangga'
A6: 3 | B6: Harga Rotan Polish | C6: Rp 20.000/kg | D6: Antara News Sulteng (Februari 2013) | E6: Harga bahan baku pabrik rotan Kota Palu
A7: 4 | B7: Jenis Rotan Komersil Sulawesi Tengah | C7: 7 jenis: Tohiti, Lambang, Batang, Merah, Ronti, Susu, Umbul | D7: Dinas Kehutanan Prov. Sulawesi Tengah | E7: Dari 38 jenis rotan Sulteng, 7 jenis telah dikomersilkan secara aktif
A8: 5 | B8: Lokasi Petani Rotan Kabupaten Sigi | C8: Desa Namo, Kec. Kulawi, Kab. Sigi | D8: Mongabay Indonesia (April 2022) | E8: Artikel sertifikasi rotan lestari PGS, mongabay.co.id
A9: 6 | B9: Produksi Rotan Sulawesi Tengah | C9: 19.697,31 ton dari 8 kabupaten/kota | D9: BPS / Dinas Kehutanan Prov. Sulawesi Tengah | E9: Data produksi mencakup: Palu, Donggala, Parimo, Poso, Tojo Una-una, Banggai, Morowali, Buol
A10: 7 | B10: Klasifikasi Kualitas Rotan (Grade A/B/C) | C10: Berdasarkan kerapatan, MOR, dan MOE | D10: Jurnal Puslitbang Hutan (Jasni, 2015) | E10: Judul: Penggolongan Performans 25 Jenis Rotan Indonesia, Penelitian Hasil Hutan Vol.33 No.4
A11: 8 | B11: Kerapatan Rotan Berkualitas Baik | C11: 587,60 – 773,66 kg/m³ | D11: Jasni (2015) — Puslitbang Hutan Indonesia | E11: Grade II (Baik/Good): contoh jenis D. rubra, C. ornatus, C. inops
A12: 9 | B12: Kerapatan Rotan Berkualitas Rendah | C12: 215,48 – 401,54 kg/m³ | D12: Jasni (2015) — Puslitbang Hutan Indonesia | E12: Grade IV (Rendah/Poor): K. zeppelii dan jenis sejenis
A13: 10 | B13: Permasalahan Harga Rotan Petani | C13: Harga tidak stabil, cenderung rendah | D13: NTFP-EP Asia / Mongabay (2022) | E13: Petani Sigi tidak panen ±5 tahun karena tidak ada pembeli (Desa Namo, Kec. Kulawi)
A14: 11 | B14: Produksi Rotan Indonesia 2019–2023 | C14: 594.944 – 1.607.425 batang (fluktuatif) | D14: GoodStats Data / BPS RI (Oktober 2024) | E14: Statistik Produksi Kehutanan: Produks turun 2020 akibat pandemi, naik kembali 2021
A15: 12 | B15: Pangsa Pasar Kerajinan Rotan | C15: 70% rumah tangga, 30% perkantoran/hotel | D15: Forum Perajin Rotan Palu / Antara Sulteng | E15: Ketua Forum: Jamaluddin, wawancara Antara News Sulteng

Sheet Statistik Deskriptif
A1: STATISTIK DESKRIPTIF DATASET ROTAN SIGI
A2: ="Ringkasan statistik "&COUNTA('Dataset Rotan Sigi'!A4:A173)&" sampel data rotan Kabupaten Sigi" -> Ringkasan statistik 170 sampel data rotan Kabupaten Sigi
A3: Variabel | B3: Min | C3: Max | D3: Rata-rata | E3: Median | F3: Std Dev | G3: Satuan | H3: Keterangan
A4: Panjang Batang | B4: =MIN('Dataset Rotan Sigi'!C4:C173) -> 4.5 | C4: =MAX('Dataset Rotan Sigi'!C4:C173) -> 8.6 | D4: =ROUND(AVERAGE('Dataset Rotan Sigi'!C4:C173),2) -> 6.64 | E4: =MEDIAN('Dataset Rotan Sigi'!C4:C173) -> 6.7 | F4: =ROUND(STDEV('Dataset Rotan Sigi'!C4:C173),2) -> 1.12 | G4: Meter | H4: Diukur dari pangkal hingga ujung batang
A5: Diameter Batang | B5: =MIN('Dataset Rotan Sigi'!D4:D173) -> 11 | C5: =MAX('Dataset Rotan Sigi'!D4:D173) -> 26 | D5: =ROUND(AVERAGE('Dataset Rotan Sigi'!D4:D173),2) -> 18.86 | E5: =MEDIAN('Dataset Rotan Sigi'!D4:D173) -> 19 | F5: =ROUND(STDEV('Dataset Rotan Sigi'!D4:D173),2) -> 3.69 | G5: mm | H5: Diameter tengah batang rotan
A6: Kerapatan | B6: =MIN('Dataset Rotan Sigi'!E4:E173) -> 0.48 | C6: =MAX('Dataset Rotan Sigi'!E4:E173) -> 0.79 | D6: =ROUND(AVERAGE('Dataset Rotan Sigi'!E4:E173),2) -> 0.65 | E6: =MEDIAN('Dataset Rotan Sigi'!E4:E173) -> 0.66 | F6: =ROUND(STDEV('Dataset Rotan Sigi'!E4:E173),2) -> 0.09 | G6: g/cm³ | H6: Massa per satuan volume
A7: Kadar Air | B7: =MIN('Dataset Rotan Sigi'!F4:F173) -> 14 | C7: =MAX('Dataset Rotan Sigi'!F4:F173) -> 30 | D7: =ROUND(AVERAGE('Dataset Rotan Sigi'!F4:F173),2) -> 20.81 | E7: =MEDIAN('Dataset Rotan Sigi'!F4:F173) -> 20 | F7: =ROUND(STDEV('Dataset Rotan Sigi'!F4:F173),2) -> 4.12 | G7: % | H7: Persentase kadar air saat panen
A8: Lama Pengeringan | B8: =MIN('Dataset Rotan Sigi'!H4:H173) -> 2 | C8: =MAX('Dataset Rotan Sigi'!H4:H173) -> 11 | D8: =ROUND(AVERAGE('Dataset Rotan Sigi'!H4:H173),2) -> 6.25 | E8: =MEDIAN('Dataset Rotan Sigi'!H4:H173) -> 6 | F8: =ROUND(STDEV('Dataset Rotan Sigi'!H4:H173),2) -> 2.23 | G8: Hari | H8: Durasi pengeringan pasca panen
A9: Cacat Fisik | B9: =MIN('Dataset Rotan Sigi'!I4:I173) -> 0 | C9: =MAX('Dataset Rotan Sigi'!I4:I173) -> 20 | D9: =ROUND(AVERAGE('Dataset Rotan Sigi'!I4:I173),2) -> 7.3 | E9: =MEDIAN('Dataset Rotan Sigi'!I4:I173) -> 6 | F9: =ROUND(STDEV('Dataset Rotan Sigi'!I4:I173),2) -> 5.48 | G9: % | H9: Persentase bagian batang cacat/rusak
A10: Harga Jual | B10: =MIN('Dataset Rotan Sigi'!J4:J173) -> 4600 | C10: =MAX('Dataset Rotan Sigi'!J4:J173) -> 11500 | D10: =ROUND(AVERAGE('Dataset Rotan Sigi'!J4:J173),0) -> 8155 | E10: =MEDIAN('Dataset Rotan Sigi'!J4:J173) -> 8400 | F10: =ROUND(STDEV('Dataset Rotan Sigi'!J4:J173),0) -> 1858 | G10: Rp/kg | H10: Harga jual di tingkat petani/pengepul
A13: DISTRIBUSI GRADE KUALITAS
A14: Grade | B14: Jumlah Sampel | C14: Persentase | D14: Keterangan
A15: A (Premium) | B15: =COUNTIF('Dataset Rotan Sigi'!K4:K173,"A") -> 60 | C15: =ROUND(B15/B18*100,1)&"%" -> 35.3% | D15: ="Rotan kualitas tinggi — harga "&TEXT(_xlfn.MINIFS('Dataset Rotan Sigi'!J4:J173,'Dataset Rotan Sigi'!K4:K173,"A"),"""Rp"" #,##0")&" – "&TEXT(_xlfn.MAXIFS('Dataset Rotan Sigi'!J4:J173,'Dataset Rotan Sigi'!K4:K173,"A"),"""Rp"" #,##0")&"/kg" -> Rotan kualitas tinggi — harga Rp 8,900 – Rp 11,500/kg
A16: B (Standar) | B16: =COUNTIF('Dataset Rotan Sigi'!K4:K173,"B") -> 61 | C16: =ROUND(B16/B18*100,1)&"%" -> 35.9% | D16: ="Rotan kualitas sedang — harga "&TEXT(_xlfn.MINIFS('Dataset Rotan Sigi'!J4:J173,'Dataset Rotan Sigi'!K4:K173,"B"),"""Rp"" #,##0")&" – "&TEXT(_xlfn.MAXIFS('Dataset Rotan Sigi'!J4:J173,'Dataset Rotan Sigi'!K4:K173,"B"),"""Rp"" #,##0")&"/kg" -> Rotan kualitas sedang — harga Rp 6,700 – Rp 9,200/kg
A17: C (Rendah) | B17: =COUNTIF('Dataset Rotan Sigi'!K4:K173,"C") -> 49 | C17: =ROUND(B17/B18*100,1)&"%" -> 28.8% | D17: ="Rotan kualitas rendah — harga "&TEXT(_xlfn.MINIFS('Dataset Rotan Sigi'!J4:J173,'Dataset Rotan Sigi'!K4:K173,"C"),"""Rp"" #,##0")&" – "&TEXT(_xlfn.MAXIFS('Dataset Rotan Sigi'!J4:J173,'Dataset Rotan Sigi'!K4:K173,"C"),"""Rp"" #,##0")&"/kg" -> Rotan kualitas rendah — harga Rp 4,600 – Rp 6,600/kg
A18: TOTAL | B18: =SUM(B15:B17) -> 170 | C18: ="100%" -> 100% | D18: =B18&" sampel total" -> 170 sampel total

Sheet Hasil Model
A2: Prediksi Harga Jual Rotan (Regresi/SVR) & Klasifikasi Grade Kualitas (SVC)
A3: A. REGRESI LINEAR — Prediksi Harga Jual (Rp/kg)
A4: Metrik | B4: Nilai | C4: Keterangan
A5: MAE (Mean Absolute Error) | B5: Rp 73/kg | C5: Rata-rata selisih mutlak prediksi vs aktual
A6: RMSE (Root Mean Sq. Error) | B6: Rp 89/kg | C6: Akar rata-rata kuadrat error
A7: R² Score | B7: 0.9976 (99.76%) | C7: Model menjelaskan 99.76% variasi harga
A8: Data Training | B8: 136 sampel | C8: 80% dari total 170 data
A9: Data Testing | B9: 34 sampel | C9: 20% dari total 170 data
A12: B. SVC — Klasifikasi Grade Kualitas (A / B / C)
A13: Metrik | B13: Nilai | C13: Keterangan
A14: Akurasi | B14: 97.06% | C14: 33 dari 34 data testing berhasil diklasifikasi benar
A15: Kernel | B15: RBF | C15: Radial Basis Function — cocok untuk data non-linear
A16: Precision (Grade A) | B16: 100% | C16: Semua prediksi A terbukti benar
A17: Precision (Grade B) | B17: 92.3% | C17: Mayoritas prediksi B benar (1 dari 12 tertukar dengan A)
A18: Precision (Grade C) | B18: 100% | C18: Semua prediksi C terbukti benar
A19: F1-Score (rata-rata) | B19: 0.97 | C19: Harmonic mean precision & recall
A22: C. SVR — Perbandingan 3 Kernel (Linear / RBF / Polynomial)
A23: Kernel SVR | B23: MAE | C23: RMSE | D23: R² | E23: CV R² (5-fold) | F23: Status
A24: Linear | B24: Rp 82/kg | C24: Rp 99/kg | D24: 99.70% | E24: 99.69% | F24: ⭐ TERBAIK
A25: RBF | B25: Rp 79/kg | C25: Rp 135/kg | D25: 99.44% | E25: 99.17%
A26: Polynomial | B26: Rp 368/kg | C26: Rp 505/kg | D26: 92.21% | E26: 93.42%
A28: Catatan: Model dilatih ulang (scikit-learn, Python) pada 170 sampel gabungan — Juni 2026.
